"SHA256","RelativePath"
"f7f1201d3d3c634607719459e4f61ec4ec3fc58fd6ac4028557ca43f46586152","benchmark_l2r_mrct/registration_benchmark/__init__.py"
"2bae584b5b98bb4fe435f2d8c1fbe72bd6630f00bc1a232029f5670bde82298e","benchmark_l2r_mrct/registration_benchmark/__pycache__/__init__.cpython-313.pyc"
"88811a9d696bdd61056687324dd7a5597893a0c2f9b29afbb6165586d372f9e8","benchmark_l2r_mrct/registration_benchmark/__pycache__/__init__.cpython-39.pyc"
"bf977a378d5ba5a71834a085a919ee9dcfce098e268426a45a43ed77028be297","benchmark_l2r_mrct/registration_benchmark/__pycache__/checkpointing.cpython-313.pyc"
"e5b4fb152ca1eaa76f3948cfc9efc6db262d731ceb396b97c78b93da2072f64e","benchmark_l2r_mrct/registration_benchmark/__pycache__/checkpointing.cpython-39.pyc"
"bfad8c52b5be238cb28468daf110e7d3ebfa46212b142ad1cb0392fadc88b566","benchmark_l2r_mrct/registration_benchmark/__pycache__/cli.cpython-313.pyc"
"6e154b01fbf29f7b791a5354fd6171cbc7192c6b4009eefc8fe4710eeb00fdce","benchmark_l2r_mrct/registration_benchmark/__pycache__/cli.cpython-39.pyc"
"23f1e991fc10e2ba22add76752e696ed01a000510bc27cb12e34751002be911c","benchmark_l2r_mrct/registration_benchmark/__pycache__/contract.cpython-313.pyc"
"0075d9b743292ed84efda52acc6629e766fdc4f62ff96affdf616e04df0dff84","benchmark_l2r_mrct/registration_benchmark/__pycache__/contract.cpython-39.pyc"
"b31b2622aa74d6fe59bfc262337f1fcd96c61b5a2c5c03a3976e0e7df0c6a875","benchmark_l2r_mrct/registration_benchmark/__pycache__/evaluation.cpython-313.pyc"
"57b6e023b638019381e6af9501f59f02282582437747a655a2fbafe5fe63f647","benchmark_l2r_mrct/registration_benchmark/__pycache__/evaluation.cpython-39.pyc"
"6d2c428321bdd5d7327e8c28a8dcdbc86d362cd2370286cd64debc5e457e4899","benchmark_l2r_mrct/registration_benchmark/__pycache__/experiment_policy.cpython-313.pyc"
"0397677216346b3f7be8d38efa3698d38705ef038d30734da1f70847be59b9ae","benchmark_l2r_mrct/registration_benchmark/__pycache__/experiment_policy.cpython-39.pyc"
"a8c9b5a06aa7889850f794661cbbc82ee49debd4c21b39b365a395099d8657a0","benchmark_l2r_mrct/registration_benchmark/__pycache__/flow.cpython-313.pyc"
"abb4022612a7a9fcf9c21d135ced6acd57afa0184761d90e7f7cd6e862233aec","benchmark_l2r_mrct/registration_benchmark/__pycache__/flow.cpython-39.pyc"
"bab72bbc96dd6cbec8dbf7afab9e51a95b8dbbfbbe42d00f2d8397af2773b9ba","benchmark_l2r_mrct/registration_benchmark/__pycache__/io.cpython-313.pyc"
"d0f95f0abb745df1c9b718f6cea31de3c3b08f63b8986d3871942d2346f436b7","benchmark_l2r_mrct/registration_benchmark/__pycache__/io.cpython-39.pyc"
"02f10510401573829dddd8c50c030f7e7179bea3fef417ad75c887102adcd5bf","benchmark_l2r_mrct/registration_benchmark/__pycache__/preflight.cpython-313.pyc"
"644ed7ecfc037ad4cdf33c7d1760a0568eb540324e9fd1eceecc19969631c504","benchmark_l2r_mrct/registration_benchmark/__pycache__/preflight.cpython-39.pyc"
"80343c2798a51111dc52325e7ea36b72f34c3fdcc71f9e7b9e4a8f68f8613803","benchmark_l2r_mrct/registration_benchmark/__pycache__/provenance.cpython-313.pyc"
"b2e4cdf52345dbaeb6820df1b6702f2a1221b44472309b7f827a0d786ddf50b3","benchmark_l2r_mrct/registration_benchmark/__pycache__/provenance.cpython-39.pyc"
"04411d59a7e35d19c2ce2abefbfbdf139eac7e0efc7ff54eb38f494803d3806e","benchmark_l2r_mrct/registration_benchmark/__pycache__/runner.cpython-313.pyc"
"473f24da60bf042b237fc58b9680be405e24f7f5c7c8ad5f3e8fd4b11a0048e5","benchmark_l2r_mrct/registration_benchmark/__pycache__/runner.cpython-39.pyc"
"a02a80cffea11b6ffdbae166144f5c2f9b365bb72c79535f3f2b536540de86be","benchmark_l2r_mrct/registration_benchmark/__pycache__/tensorboard_logging.cpython-313.pyc"
"2447ca1d84162f81ea55e48463e5f40122d3fee57ee5acfe1943c13bace9cdd8","benchmark_l2r_mrct/registration_benchmark/__pycache__/tensorboard_logging.cpython-39.pyc"
"7e2d87ca684a4d4377954b05789dbfb9a890ee89559279ff7d94e9a0a23ece16","benchmark_l2r_mrct/registration_benchmark/adapters/__init__.py"
"a7ca3bab6643a021e7056e3ba1b4dc0f391ce1d81cfe636be2f591cc4b2c5b2e","benchmark_l2r_mrct/registration_benchmark/adapters/__pycache__/__init__.cpython-313.pyc"
"ffce9e39073a2203e24dbeeabc809c2e911235550bba1a2218909a6dab9eec1f","benchmark_l2r_mrct/registration_benchmark/adapters/__pycache__/__init__.cpython-39.pyc"
"96ac8f0f95669258bf4aaf511fcb528eea5b042c8aed8657dfbe750f9b68a231","benchmark_l2r_mrct/registration_benchmark/adapters/__pycache__/ants.cpython-313.pyc"
"78dae3551a50fd158751d105fe67639ff80e6b8de933693b774b58708fdde242","benchmark_l2r_mrct/registration_benchmark/adapters/__pycache__/ants.cpython-39.pyc"
"110ddb2c94c12569c84d56062d5d3a18d37e757547178413e8f802e4456c4257","benchmark_l2r_mrct/registration_benchmark/adapters/__pycache__/base.cpython-313.pyc"
"cffbefcd5c7c3b99482232c92a2c41a85c59e10e578cdbee8d88d19ecde96d44","benchmark_l2r_mrct/registration_benchmark/adapters/__pycache__/base.cpython-39.pyc"
"c50083244b32ce797a696eaf7e5887678b6e002c50b1cb70d448ce0cb3553df8","benchmark_l2r_mrct/registration_benchmark/adapters/__pycache__/convexadam.cpython-313.pyc"
"b67ceef97998e198801ff925473d770ab67b4f7e48798843eae71ee21a0e4cf2","benchmark_l2r_mrct/registration_benchmark/adapters/__pycache__/convexadam.cpython-39.pyc"
"8c195fa016ecb9612e6aeb7dec769982dc0be800c43a4dd11f7a1e0aee505e95","benchmark_l2r_mrct/registration_benchmark/adapters/__pycache__/dino_reg.cpython-313.pyc"
"335d53417db55d51e625b8fdd2bbb2c5be76ed2c20bbf4e452300755ecbb58fd","benchmark_l2r_mrct/registration_benchmark/adapters/__pycache__/dino_reg.cpython-39.pyc"
"e6cb942039cf1ffb5d04db13a5a69e2aa96c3bb2337d22f7cd7513ab758e6308","benchmark_l2r_mrct/registration_benchmark/adapters/__pycache__/external.cpython-313.pyc"
"e77e8bade69fa0174e35401975d3d2dde533c80c6c24179cfdcd1c70197cdc9c","benchmark_l2r_mrct/registration_benchmark/adapters/__pycache__/external.cpython-39.pyc"
"2fc61dd233cc745c3b93d40d61b008b9f192e0e40b9bd8e2bba8f271a4c7a62e","benchmark_l2r_mrct/registration_benchmark/adapters/__pycache__/fireants.cpython-313.pyc"
"c6dd9210e9e328229850284f09d5ac1011ccb282715e0d76bd0ebdc4196ea008","benchmark_l2r_mrct/registration_benchmark/adapters/__pycache__/fireants.cpython-39.pyc"
"3bdbbae83431ecd4727b45ab1d858ab5e056c0ce626594d7ca658e724781536e","benchmark_l2r_mrct/registration_benchmark/adapters/__pycache__/identity.cpython-313.pyc"
"2460604cc8e77549f0770fa7d9844b7660fdf0872ec4b8793cec1bfd549e3064","benchmark_l2r_mrct/registration_benchmark/adapters/__pycache__/identity.cpython-39.pyc"
"9a5429d9674b35bb89b32c34663bc0fc560b6ea14f5752f4785d270fc6adb7e2","benchmark_l2r_mrct/registration_benchmark/adapters/__pycache__/locor.cpython-313.pyc"
"b5afcc8e482f883de036e169d6f4834628fa9f3d56e45112c872a1e085e77735","benchmark_l2r_mrct/registration_benchmark/adapters/__pycache__/locor.cpython-39.pyc"
"1d6e33910a5e711dc492bac263832600f048d90aa33bfae9e0cf36850321d3ef","benchmark_l2r_mrct/registration_benchmark/adapters/__pycache__/ours.cpython-313.pyc"
"b84cd7b708513e3e4537ddc0a169e834f4556f2a5f449f68d69ec00ad449902f","benchmark_l2r_mrct/registration_benchmark/adapters/__pycache__/ours.cpython-39.pyc"
"4bb00a136b4beb7e6bd96ae528f870c7ff93f073787d263ca0fc3c838742e3b8","benchmark_l2r_mrct/registration_benchmark/adapters/ants.py"
"24a688eb0439855200e4731c5f93c3935fc88f937f12ba34b5164faa58a2111f","benchmark_l2r_mrct/registration_benchmark/adapters/base.py"
"a9b3d7f5776f7f0fa0f3d52103403c986721a6b7b13b6e78ceaeaaf4ec40b0fa","benchmark_l2r_mrct/registration_benchmark/adapters/convexadam.py"
"50170cc26c4ee2f0120cfa3c02511b936cbcf228f92e7155e00b6d49515a2f3d","benchmark_l2r_mrct/registration_benchmark/adapters/dino_reg.py"
"91d368d622c7a41dbc626f147102593eed199b235c7726f0342780bf1cd92044","benchmark_l2r_mrct/registration_benchmark/adapters/external.py"
"5337d30cd997397d752f909efc55e868c4699dc2e5af07c67e723263113ab82b","benchmark_l2r_mrct/registration_benchmark/adapters/fireants.py"
"3e2c7d3bbccadcbd55b5c4fc075a16ad54a437d5e2434efd673b7563fdfbccab","benchmark_l2r_mrct/registration_benchmark/adapters/identity.py"
"769efc6477a48771b66e18d5ea241197a4c7653ba42c8dee6b87f929247dfc44","benchmark_l2r_mrct/registration_benchmark/adapters/locor.py"
"6d0fc980d9d4bb2bd5f8d1eb4031d307dbc3790310cdcf04a3efdcfa103f9806","benchmark_l2r_mrct/registration_benchmark/adapters/ours.py"
"d7572ba9e9cab22ed3b94ad074ee3966d632f8ebeb19f33a4f819cd8ba385fb4","benchmark_l2r_mrct/registration_benchmark/adapters/ours.py.orig"
"7f06ee28e78bef022c8a1de524528b625a11414ddd7619b2745cd7a35c42458c","benchmark_l2r_mrct/registration_benchmark/bridges/__init__.py"
"3f3d8b30dc78357cf607874780d0add73f2f996271cc360479131e5b30b7e8fc","benchmark_l2r_mrct/registration_benchmark/bridges/__pycache__/__init__.cpython-313.pyc"
"1c66ab8b772b293b21449b224c1a1b27119bcd4ecd2bba953658d3bbdd296529","benchmark_l2r_mrct/registration_benchmark/bridges/__pycache__/__init__.cpython-39.pyc"
"f3d501d8118745ed8a16db1f93982987e209c89cfe3b388d7b94151443aa37d1","benchmark_l2r_mrct/registration_benchmark/bridges/__pycache__/common.cpython-313.pyc"
"24cf3530bb4eead8138630b195e0e1183ee141050cca369e19d1a79313c1bb5d","benchmark_l2r_mrct/registration_benchmark/bridges/__pycache__/common.cpython-39.pyc"
"b5726f8096a8379b8da617803927ff396ef8f6eb40185093d86a588c0e085225","benchmark_l2r_mrct/registration_benchmark/bridges/__pycache__/infer_learned.cpython-313.pyc"
"f8b445a3c6ad4eb653f0ca899b4d2e15b440d022e05d04abaa0bb197029856fd","benchmark_l2r_mrct/registration_benchmark/bridges/__pycache__/infer_learned.cpython-39.pyc"
"7ebd9300d9ff3820370bc64a7bb7885908450fac2ad23cfc8054ca87f697225a","benchmark_l2r_mrct/registration_benchmark/bridges/__pycache__/train_m2m.cpython-313.pyc"
"c2585e83547bcb4493ee508c8207354e286a12f62636b7e4325ccb1a06c44104","benchmark_l2r_mrct/registration_benchmark/bridges/__pycache__/train_m2m.cpython-39.pyc"
"ce29bfb70f242e371dc337e0038972e7b24651982d4b865aeefd05259f04bade","benchmark_l2r_mrct/registration_benchmark/bridges/__pycache__/train_pairwise.cpython-313.pyc"
"660f602fc7ca34d7fc4cd00533eaab2a695fe289965b509ffe630be13aa40e0a","benchmark_l2r_mrct/registration_benchmark/bridges/__pycache__/train_pairwise.cpython-39.pyc"
"a5f511abf3f383e039687f031cf37df76901910c5810a4d1b16f965abbf7e9dd","benchmark_l2r_mrct/registration_benchmark/bridges/__pycache__/train_synmse_cyclegan.cpython-313.pyc"
"da175db21ebdb395a93310205c4d1aba2222c19ef492def53de09a9732668c65","benchmark_l2r_mrct/registration_benchmark/bridges/__pycache__/train_synmse_cyclegan.cpython-39.pyc"
"f2cd575f25f18f416b9169e64ad64b0bf0569f9c36c04b3881940df0556f7647","benchmark_l2r_mrct/registration_benchmark/bridges/__pycache__/train_synmse_evaluator.cpython-313.pyc"
"ae3ecd79ad4a79c0bbe872351d52e31b6eb86df969a9180cfd6f050620810be9","benchmark_l2r_mrct/registration_benchmark/bridges/__pycache__/train_synmse_evaluator.cpython-39.pyc"
"d40139ad6dfbee70b31d2cc8e4e9a5f6df25da3f75de42d4969eb2b55c88ba32","benchmark_l2r_mrct/registration_benchmark/bridges/__pycache__/train_synmse.cpython-313.pyc"
"d80dda8c65d502b1c4df0eaa794600f2a65fbf730b8bb31b200e84da1c0e0521","benchmark_l2r_mrct/registration_benchmark/bridges/__pycache__/train_synmse.cpython-39.pyc"
"a4b1baae0dd9a2586261ffcaa07e6e03ff99f3a4e19af3b861a2dd55739a84de","benchmark_l2r_mrct/registration_benchmark/bridges/common.py"
"76331e4b431fd7e8c69b2d6f8231c2222c1ee4b7f0cd28a881b937e50457af6d","benchmark_l2r_mrct/registration_benchmark/bridges/infer_learned.py"
"1beced9dd8aa5116f70aa125a232c49988b8b8234cb7d41244c307b38b0f66f7","benchmark_l2r_mrct/registration_benchmark/bridges/train_m2m.py"
"a360a7bddef1bdd3461781f96dbdf3b8474c05a1331383be9b82d8e3a8eeb116","benchmark_l2r_mrct/registration_benchmark/bridges/train_pairwise.py"
"0411e5797676af1de338cdc12255a2e87e8c922b2032ba32befaaec8bfbade01","benchmark_l2r_mrct/registration_benchmark/bridges/train_synmse_cyclegan.py"
"b9903791035811d839c37083c04adf696f458d17a9791865c0f5e2e963cb8149","benchmark_l2r_mrct/registration_benchmark/bridges/train_synmse_evaluator.py"
"668f4cc7088ec7fdca0660c61480b14889b41eadc1bfd144dc83aa10eb5820f8","benchmark_l2r_mrct/registration_benchmark/bridges/train_synmse.py"
"5e2b1b2c96d0f204f390f22cf2b08c07a5fdb209b6dbf4025b478a9df60590d3","benchmark_l2r_mrct/registration_benchmark/checkpointing.py"
"1e43d9dad372797090cee54e70faa46fbd937bcffae6cf823aa91eff89e52b05","benchmark_l2r_mrct/registration_benchmark/cli.py"
"b65582144ca387d865c268a3476f9758510997d57d65952dc8a9e6b3912d8f7c","benchmark_l2r_mrct/registration_benchmark/contract.py"
"e63508e204815fa1dc58fa3bf6ff5630d12f9a1049e060847fd65acdd420fef3","benchmark_l2r_mrct/registration_benchmark/dns/__init__.py"
"c151879669d7f328f59232d32a168fb22f060ab604a8cfd946ca86e9f74893c3","benchmark_l2r_mrct/registration_benchmark/dns/__pycache__/__init__.cpython-313.pyc"
"809a600bca36ab22484a2455eb2b82afe7b32f65b3dc51f84797acf74e127afc","benchmark_l2r_mrct/registration_benchmark/dns/__pycache__/__init__.cpython-39.pyc"
"ad16e1386e43956a82c66bbc740e8f2b74ae4f86135f119f75ec4eab7abba039","benchmark_l2r_mrct/registration_benchmark/dns/__pycache__/augmentation.cpython-313.pyc"
"99c4c935b95e592c15ebfb2fafa01866b78293acd082a45fce473644ff4d20ff","benchmark_l2r_mrct/registration_benchmark/dns/__pycache__/augmentation.cpython-39.pyc"
"7bfea70b9b90694c637e5d3e305fe4519169aab67d9d7e169adb8fef744f66cc","benchmark_l2r_mrct/registration_benchmark/dns/__pycache__/faithful_v2.cpython-39.pyc"
"c8904a6eddbe850f2d41c8355e84152c84ec8dc308c1f55f6d786d7b80c27217","benchmark_l2r_mrct/registration_benchmark/dns/__pycache__/io_registration.cpython-313.pyc"
"269aac4d1ec5272ec903c54c84700331c829221413927e54fdf79acaf0fa67ff","benchmark_l2r_mrct/registration_benchmark/dns/__pycache__/io_registration.cpython-39.pyc"
"7af4df1e1f3f96da6db2ff68ed5f503cb5c3d57efd69f25ed8985dce11d529da","benchmark_l2r_mrct/registration_benchmark/dns/__pycache__/model.cpython-313.pyc"
"bd751e457a383529e45995f4f886526da6b57cd4a3f33378528a187d634e2b25","benchmark_l2r_mrct/registration_benchmark/dns/__pycache__/model.cpython-39.pyc"
"7abe68e31f090b866193bb2325b14b9001bf62f51af26d5011696471c4499e7f","benchmark_l2r_mrct/registration_benchmark/dns/__pycache__/training.cpython-313.pyc"
"d4a061a901d459e6348e019f17de8b895f1c77c99abb057f9dadcfbf8f196191","benchmark_l2r_mrct/registration_benchmark/dns/__pycache__/training.cpython-39.pyc"
"cb756773ba19e3e2a6c48751b114a0932d8ca140a3a63719bfa2ff4835865acc","benchmark_l2r_mrct/registration_benchmark/dns/augmentation.py"
"24d42b5b38d8477f0702b845d533ede096d97f9b9af4f58e48b2d25af650f05b","benchmark_l2r_mrct/registration_benchmark/dns/faithful_v2.py"
"95a77553f71fecb474bd5fe4361de49fd9042e8531a4c28eef452e8cc05ea6e3","benchmark_l2r_mrct/registration_benchmark/dns/faithful_v2.py.orig"
"05e05ba4b8663880dd32979acd5e56e785ad8c585b433e57fd6bc12523bb466f","benchmark_l2r_mrct/registration_benchmark/dns/io_registration.py"
"8de79b2619d660f9ced535e9d04351d08d407476a1c3358c78167405df696e77","benchmark_l2r_mrct/registration_benchmark/dns/model.py"
"b54f4eddef574135cfcafda808c4dc0234813f58bee58a19e39c338fa1c2fb4e","benchmark_l2r_mrct/registration_benchmark/dns/training.py"
"94bb5cd50f4001fd00bad7155ace871fe127dd46d0ec7fb001637130a30d5e80","benchmark_l2r_mrct/registration_benchmark/evaluation.py"
"e2de617f7fcf3a8dabecc441e3a00c8086e92b0045f17cea8f15ac7ffc00d493","benchmark_l2r_mrct/registration_benchmark/experiment_policy.py"
"f4065b6266da42d20928bcbe2a070331145b086b2a01166dc16cc56c34a59061","benchmark_l2r_mrct/registration_benchmark/flow.py"
"ba59f00e6fb72fd6bb55b69d65313014e0a5b663d58625dd10beafaef7d2302d","benchmark_l2r_mrct/registration_benchmark/io.py"
"4457569a156f6c828cd1246fb0c1f3c45963faabbaa51a93d8defe3e5363f8c7","benchmark_l2r_mrct/registration_benchmark/preflight.py"
"94c8c48fa89acaf97f0498454ad1dcb121d65742a9ae64ed68d807f525bd33ab","benchmark_l2r_mrct/registration_benchmark/provenance.py"
"dcf4bfeab1efc5a0d19221af452f7b82827c02f9da7348fa4be7703809087bc2","benchmark_l2r_mrct/registration_benchmark/runner.py"
"57a70ec2dac09c84fd84c29e8ada931ad302a9e2f35a2b0706826203a869891a","benchmark_l2r_mrct/registration_benchmark/tensorboard_logging.py"
"feb386ea6fcb2984437780851ea434be01d28bba338281a0eb41f88b9f7d2beb","benchmark_l2r_mrct/server/v4_final_20260826/__pycache__/run_v4_final_server2_main.cpython-39.pyc"
"87ee9187146fa0cad6f56b1c9cddb4060bc67d38949c4be5fe3029b1fa7bb4c2","benchmark_l2r_mrct/server/v4_final_20260826/__pycache__/run_v4_final_server2_release.cpython-39.pyc"
"a67e23a5f12ccc947fbe521c52544acac65ace3a2a9d30600feb6b3d049cede9","benchmark_l2r_mrct/server/v4_final_20260826/__pycache__/run_v4_final_server2.cpython-39.pyc"
"a4eebfc7c826eab058b45187de3634984d0f225c10552a935e269c4385a02c19","benchmark_l2r_mrct/server/v4_final_20260826/method_server_main.yaml"
"5c26d721bd1c6f0ea607c65aee367d87895358624e0efa49b905520726df05e3","benchmark_l2r_mrct/server/v4_final_20260826/method_server_release.yaml"
"db9df9c83ac7f02f8bb46246a940ef6524a307a874b5939fe98b8b2df02522ec","benchmark_l2r_mrct/server/v4_final_20260826/method_server.yaml"
"b0027d98fef209cf5bb177f1e230294795e3c91ffd88fefa62dccfc8b40c3645","benchmark_l2r_mrct/server/v4_final_20260826/run_v4_final_server2_main.py"
"4e3d7ed13ac8983d7a5370bbfa9ed74d63311dff1161aa3f742255e1a3c3e900","benchmark_l2r_mrct/server/v4_final_20260826/run_v4_final_server2_release.py"
"8eeb6de844621e8cf60e59c17af5e6b231f08f1b22fff07c0c6f8ce8a7b99bc4","benchmark_l2r_mrct/server/v4_final_20260826/run_v4_final_server2.py"
"fe4855ce9fef4a92310561a2e538a9ad8fe7d775c7ca565882eadbc1472df700","code/registration_v4_final_release/__init__.py"
"1e222bfebe19310420695967f443181f4089ff3e54dc771ed98f52a4b3592db8","code/registration_v4_final_release/__pycache__/__init__.cpython-39.pyc"
"1031b2fc87deb8e657bd92d7046b269728846059d17058df49d69f03309fd387","code/registration_v4_final_release/scripts/__init__.py"
"56900e782efee7ca0f753f37efd52ce4d864f9f1c9b25735686664d720a8e3eb","code/registration_v4_final_release/scripts/__pycache__/__init__.cpython-39.pyc"
"974781c6eef319d8199544a412407bb51753b560f0efecb059e2674859e9d9b2","code/registration_v4_final_release/scripts/__pycache__/infer.cpython-39.pyc"
"589265dfe67185d49c41f44460e052fbe1dd55591db270dfcbafc1da8c181bfa","code/registration_v4_final_release/scripts/__pycache__/train.cpython-39.pyc"
"2f4a2331d57503d045f1d361790b7d5774a1c7db844d20b0896fecb67a73656b","code/registration_v4_final_release/scripts/infer.py"
"d473ca06dfbbc070c483c658c238f4d41accac3fdf4343fa1285d9b755a63bb7","code/registration_v4_final_release/scripts/train.py"
"d7821a4f736dfa2d3880352b64067a009791963a104ea4c48c6ce4555b5e52ed","code/registration_v4_final/__init__.py"
"4f0efc78be963a7e33828e968572e2c88781e0aeeaa875da6e5e7acc289214b4","code/registration_v4_final/__pycache__/__init__.cpython-39.pyc"
"be717765bd956d15b8ac6149f735d87b4bf0ced78b97ada3b70f5346d341eb6d","code/registration_v4_final/__pycache__/checkpoint.cpython-39.pyc"
"ba5f512bacbbff99203e3e9fc5a4ae486e0206bd30150030946030e20312480c","code/registration_v4_final/__pycache__/config.cpython-39.pyc"
"4961dddb46e7a7a017223848bb70c9eb40e0813b226fc012183d8dda7febc1fa","code/registration_v4_final/__pycache__/convex_solver_release.cpython-39.pyc"
"80d4d763e2c675070b04d721a96ba8c89d49eb26b015c9dadee0f6cbfbb27058","code/registration_v4_final/__pycache__/convex_solver_v2.cpython-39.pyc"
"419f4d78225f6b13c5b2f9210cfcb768a1d7b695ff0fd438fe81f8f8c6201f7a","code/registration_v4_final/__pycache__/convex_solver.cpython-39.pyc"
"ce6a99c7629c96358793e00042e54be345c32eeb158e927c53e8ace0becdbb0c","code/registration_v4_final/__pycache__/data.cpython-39.pyc"
"7a1347d651aacc1d644f668796b47d927d81fd2632e745888e258b4a15292b6c","code/registration_v4_final/__pycache__/losses.cpython-39.pyc"
"5a2d08a23f931379bff9b2da2fda91c15bac878beaa255d83dc9ca53f0e2135c","code/registration_v4_final/__pycache__/model.cpython-39.pyc"
"434a5616aa47fc845281532e56735e839dc1b01d02761f9e748be52fa99c7f46","code/registration_v4_final/__pycache__/network_release.cpython-39.pyc"
"d520e34c2af318484e0fb6870cfc91a5abd999b9f477245fbeefe8a6ea48596e","code/registration_v4_final/__pycache__/network.cpython-39.pyc"
"9d04bf329d5aaf636c41ad8d71abd63e0d5824755e4908394349adce320aa419","code/registration_v4_final/__pycache__/protocol.cpython-39.pyc"
"07abb33ef41558924d11a88a8ddb1ececd454ae0beccdb99f558b09cf6a977c3","code/registration_v4_final/__pycache__/state.cpython-39.pyc"
"f51ad424439ad9491c8a7ef7ff35d0511e141b8b6d89625c63148007985360bb","code/registration_v4_final/__pycache__/training_engine.cpython-39.pyc"
"1d6f3c406ab156518943ed84b15c5e73757ed45e8165071574a919dfb6e8e2be","code/registration_v4_final/__pycache__/training_runtime_v2.cpython-39.pyc"
"6e8553cebe5ffc7fa60d0842bbaa4e07b916a6d08a124f8093b9c6477dad47b5","code/registration_v4_final/__pycache__/training_runtime.cpython-39.pyc"
"25be323556dad377abb57fe7ec8c4b99a6527f488dda28d0c9b686528659c909","code/registration_v4_final/_acl_probe.txt"
"a0cff14a1260efda71b2f006b95141258a037170b57493d13b4e55e43838c26e","code/registration_v4_final/checkpoint.py"
"0f00ff04bc18d4944d6053cd1dce4e6ba9e638c98ef51363107302f83dc40bf1","code/registration_v4_final/config.py"
"ea1684827b244c23d9398e0a4b0184eb51a2879ed4d88e75fb95172b1aa0d2df","code/registration_v4_final/configs/v4_final_l2r_mrct_protocol300_faithful_crop160.yaml"
"c06b4ceab8c8abf4dfbc4ddc1c451ee9c5bd2c8adc2756a25e7a2f8a4df51765","code/registration_v4_final/configs/v4_final_l2r_mrct_protocol300.yaml"
"87eea5a2c5a23d2ae63859d61b7e07de925896be0e459da23edef3c68872860a","code/registration_v4_final/convex_solver_release.py"
"9b0976a1135021370c36ab720b3f4e0779d0ad71f03034b21105a71a497c868f","code/registration_v4_final/convex_solver_v2.py"
"9fcc266775824393f4c2af2ceb7a731a1c49d14e96363b970ab6192cbf97d58a","code/registration_v4_final/convex_solver.py"
"686130d91acd399ebc6acf4739983bc5bac0238c9b91e1edbefac5637b249e7b","code/registration_v4_final/data.py"
"1556953d507dcd7bde0fddd87e10b62092e69480b352972e93b90c22fe459513","code/registration_v4_final/losses.py"
"ac56f9ffaacca50156d525805c754794224304a300426fd139d85889ffee1f4e","code/registration_v4_final/model.py"
"1dabc0189104029eef63418a6576147bf2920ce83131187383597d20e4484e30","code/registration_v4_final/network_release.py"
"c7198d88fbe2b586ffca4f46076050457cfdb347a61af8f7eb58ee257554b626","code/registration_v4_final/network.py"
"d67d1ec200cf14de0696a4453fc3eca8cd227518bfd85846d7d5b8efc3c7aed3","code/registration_v4_final/protocol.py"
"51a7ebd3e9743a46bdfb34d79674c513ddbbf932a06831c266e9c9d70a862ee3","code/registration_v4_final/README.md"
"16d249a16e5f8e66f4a18783f65cb17b624e39d14c9838576cbd9283e5403255","code/registration_v4_final/scripts/__init__.py"
"c01a5bff77e7b60d364ad3cc93d68e277c2e51559da103066776d16f66d8947d","code/registration_v4_final/scripts/__pycache__/__init__.cpython-39.pyc"
"5edca7a604d0709be18e66bb4977d17dd700aed920c651952f2ffcc08d194ec6","code/registration_v4_final/scripts/__pycache__/infer_release.cpython-39.pyc"
"51bc8f1b985a4e900d35e2e5db3bb044261a92dc3b40df1e66c9d8e1eef1d62d","code/registration_v4_final/scripts/__pycache__/infer_v2.cpython-39.pyc"
"f33a18c8226bd2d9a4ac7ef4cda5ec973b05b551558060f91cc2bababb2575d7","code/registration_v4_final/scripts/__pycache__/infer.cpython-39.pyc"
"16b92b1f22c7b03360897069e8091089051a50bea2b5f89e70ba1e334df65907","code/registration_v4_final/scripts/__pycache__/probe_legacy_b05_convex_release.cpython-39.pyc"
"6865367465dc9aeb833b2aaa812bf8461b1171d0e540e577114beeaeb9e2bf15","code/registration_v4_final/scripts/__pycache__/probe_legacy_b05_convex_v2.cpython-39.pyc"
"6823c3bc0df6f513f365cb28985dc1fca6def2ed42dd1ee7181961aea41567bf","code/registration_v4_final/scripts/__pycache__/probe_legacy_b05_convex.cpython-39.pyc"
"26742d61bafcd72a26ebb7e96da775906702ab8798e25d18f418897c275e9485","code/registration_v4_final/scripts/__pycache__/train_v2.cpython-39.pyc"
"cb83cdff3cc2a42fd96bf720ffa783ee95130e6c6f03f62bcad7b3f589b3d72d","code/registration_v4_final/scripts/__pycache__/train.cpython-39.pyc"
"6190e1daee830582693a8e73815a3d7dfd6fc9acbf72950fab517756afe54f38","code/registration_v4_final/scripts/infer_release.py"
"ad6b2cce995fbab2fce57dbf36e96a97ee447ef6f520ee8e0b307649145db3c8","code/registration_v4_final/scripts/infer_v2.py"
"e8ba38205f2db9bcbbe6493296a03bbd52025d02e535b453c0483e449302b30a","code/registration_v4_final/scripts/infer.py"
"309f5d684ee86cb24e4f67139b1d725fe5d138ccab6a6604210ca5a61bc48e0c","code/registration_v4_final/scripts/probe_legacy_b05_convex_release.py"
"2884a845cad1403248af646e56cf4c2ffa51859abf94a982876d7eabf8f1a4ba","code/registration_v4_final/scripts/probe_legacy_b05_convex_v2.py"
"b1b453a9ec31d490a500e56cc06fb470aad90826a1d602b1ea7daf399d5ac471","code/registration_v4_final/scripts/probe_legacy_b05_convex.py"
"e66ca0abd1d15b2d1ec7d51d29edc4a15601ec2f96577db5e54e2def1a946f71","code/registration_v4_final/scripts/train_v2.py"
"ebfbf53f1146bbe8c4bf32c1ff094b9f18d8a48956c71781fabafb20038b6881","code/registration_v4_final/scripts/train.py"
"18fa7b18447884a62727821d18ef9bb19bf1895c9a953754738b129d4c573447","code/registration_v4_final/state.py"
"a408151b1e35a787c7f83f9b08f920040eaa62ede9a13d625a55af3014ede913","code/registration_v4_final/tests/__init__.py"
"7c5798384108954aac58e3638ba3451236d03da9c4c13962c8d4690b0fc47906","code/registration_v4_final/tests/__pycache__/__init__.cpython-39.pyc"
"87a6ec9871e78695cb667c33e43fd0ba04096cbb39f8176e10a6ba8214ac3499","code/registration_v4_final/tests/__pycache__/test_final_components_v2.cpython-39.pyc"
"c3f1dd8c9c7150dda28b16251fc2f1a6abe504d0a07b7fe314d3381a8b3c2d0a","code/registration_v4_final/tests/__pycache__/test_final_components.cpython-39.pyc"
"ec08290eb664f19a14e7f8aa38caeb380bdab99b1e0bb4b61579c570107dd032","code/registration_v4_final/tests/__pycache__/test_release_solver_regressions.cpython-39.pyc"
"1ca9bf6c2a7f2cac2a6c2125a95f32d796e08a8106d3225574e9cc25b798c181","code/registration_v4_final/tests/test_final_components_v2.py"
"fbdbdadef37070855e02ed1718feb337ff3fd4be6bfe4665b051383947368cb5","code/registration_v4_final/tests/test_final_components.py"
"1ef612a1c5b03d5858947ee5cb73bb2af4864c2476873be9ec3ce5983bdd0563","code/registration_v4_final/tests/test_release_solver_regressions.py"
"c942ebd73212eb6a0b90d18144cd38bc6ce4d7846b39f48325931a1f5a663a04","code/registration_v4_final/training_engine.py"
"48531ac32272cbc85bf11bfb7e5b960fc6c803cdd2629a18f553fdb75f6acd14","code/registration_v4_final/training_runtime_v2.py"
"3d19cfab15aa316e469114c2af20f03191c7b149d376a0fdc86d0b49d70252bc","code/registration_v4_final/training_runtime.py"
"c05749fbae734f7aa5046794e9d224cf964aad144219ccbab6a5038e05b1495c","code/registration_v4_pracm/__init__.py"
"079643e75cc74139ffbdfacde72fe24d26cca9917105162c751ea493372a7fc0","code/registration_v4_pracm/__pycache__/__init__.cpython-39.pyc"
"a139fcb64635246bd769604178b2392e5d41f58ff288c00144bd7182067fe0e9","code/registration_v4_pracm/__pycache__/config.cpython-39.pyc"
"453e53f735d62c575c7a9d0692a12cae163b8685f2f806315319094da497b35c","code/registration_v4_pracm/__pycache__/phase.cpython-39.pyc"
"b726d3336a373ed2137ea9e9668ef3ec4e943df4b6f0c839e841b74a20974b45","code/registration_v4_pracm/config.py"
"37bb07a2e5bbea640d02f65198da9a1ad41b408c3adfdd03ad16316c00a436a3","code/registration_v4_pracm/configs/pracm_l2r_mrct_protocol300.yaml"
"1c36960361d9383ff3397fbe0868378bd1072f3a000a8b56a1be1a6d6656a9bc","code/registration_v4_pracm/configs/pracm_l2r_mrct_v1.yaml"
"b7461e7c83c93a37140ec5df1b6ccc596f6d938604c472bf23d5425e977ec81b","code/registration_v4_pracm/configs/pracm_plc_r_v1.yaml"
"7252c2cc23d02b692e8f209b0798b911120ef7bd57ab57b2b8a52b3d083e0fd8","code/registration_v4_pracm/configs/pracm_v4_corefix_l2r_mrct_protocol300.yaml"
"c3ca09b7f2ae399f866706771df8b8e8ef565e11f25c3be1d02fe610caf8a8f1","code/registration_v4_pracm/configs/pracm_v4_full_l2r_mrct_protocol300.yaml"
"68a77011bc48303c166f027a05bee3ea462da0fc7f72b1f49a46e3a323e87fec","code/registration_v4_pracm/configs/pracm_v4a_l2r_mrct_protocol300.yaml"
"6684a84818dfb3309083b9219cd177389c5bf0c20aaadb9327c1cb1d82c5a85a","code/registration_v4_pracm/configs/pracm_v4b_l2r_mrct_protocol300.yaml"
"9b5c4910d3cb63fd6160ac3ae2835a8a73d4681af1e678fd844bab7405b2d2e7","code/registration_v4_pracm/data/__init__.py"
"156c95d32fe72f24b594bc1508e37738084648ea18a49eba7aa66a2318d8b96f","code/registration_v4_pracm/data/__pycache__/__init__.cpython-39.pyc"
"2d59bb6aab2c44b06562efc4068632a362d0a1daa5c866c89689337c847329f4","code/registration_v4_pracm/data/__pycache__/dataset.cpython-39.pyc"
"a6f2fcd08e2c2e8a0903dd2bf18d8ce35ce64bce98745f571922e9add5bf4f2a","code/registration_v4_pracm/data/__pycache__/l2r.cpython-313.pyc"
"afdd029e6fda65c2154612a2fe4dee10972bf90a21879ee2b4237b26ea528f2b","code/registration_v4_pracm/data/__pycache__/l2r.cpython-39.pyc"
"4c6dbd5f7c453c93bc8f2b42543665caa6eb75fecb154958229d533cda4e8092","code/registration_v4_pracm/data/__pycache__/nifti.cpython-313.pyc"
"24b439d733ade071db3545ce98574b16c7343b51a7b1f18a5093b34c06b14bb6","code/registration_v4_pracm/data/__pycache__/nifti.cpython-39.pyc"
"7ebc953e2973881d81e8ce0589321a36d2e4e46e3fbf71a76e1401fadbbb74ba","code/registration_v4_pracm/data/dataset.py"
"d1e643fd8d710b920a0d125b5574eb9df237fc231025842ba7ff30d1f7896407","code/registration_v4_pracm/data/l2r.py"
"00d22f0883495cd448c1770968f674e8a442ad3c7efa0a1b303be8514180d008","code/registration_v4_pracm/data/nifti.py"
"4a7c2f99c3ea7b6a79ad6107d18bed5a48725f46a2e01c4ef7e58e08f129a7c4","code/registration_v4_pracm/inference/__init__.py"
"9781010b3827fb9875c6791599ad9c24ae7081ad1dc2b50cbfcc19c77862a884","code/registration_v4_pracm/inference/__pycache__/__init__.cpython-39.pyc"
"915ce05b8ea4b458fc749e9d5eb1701bb915a7af9f736eb385faa1787e8b5fc1","code/registration_v4_pracm/inference/__pycache__/dns_convex_solver.cpython-313.pyc"
"d99510de7a57cd3c682d50258ea2cf35e77d49872268a3965330da0dc9dee9c5","code/registration_v4_pracm/inference/__pycache__/dns_convex_solver.cpython-39.pyc"
"3af98c9606639cf96ad1412b9a865b4fc0a8b2ab32da43461865b6a220cbad3e","code/registration_v4_pracm/inference/__pycache__/instance_optimization.cpython-313.pyc"
"59e0fc17ba034b15b5a0bc828c7a11e52a8354001dab7c9bb165e928badce110","code/registration_v4_pracm/inference/__pycache__/instance_optimization.cpython-39.pyc"
"edea971a8891ca8ce5088bb82b9153defa50aca29aad80a17a4af814d405ae12","code/registration_v4_pracm/inference/__pycache__/volume.cpython-39.pyc"
"ba7a497ef1574a76b85623fc66185e7156c707599ab357c8f7912c58d82e6b94","code/registration_v4_pracm/inference/dns_convex_solver.py"
"29fe1772c05a1c9b3ef511f79d128dcbed4a76ba9cb8b53f94ff499f3f6cc06f","code/registration_v4_pracm/inference/instance_optimization.py"
"fe45ade6b8044d1e4fbf24624c0bd51e6a832b3f274f418fbe4ccb2e03d59870","code/registration_v4_pracm/inference/instance_optimization.py.orig"
"cc6de0ed1b35403740c7d0bbf99dcce6cc1a1ff9a0505d433c1d7909c55d7998","code/registration_v4_pracm/inference/volume.py"
"a537212134c5f4e17527393f9341301a2e9bcf0e0cd517be5c7019abaf6deb0d","code/registration_v4_pracm/losses/__init__.py"
"19ac65a7cd38597b8a99eb4126c718131c072e34394a480d69433ecbe1eed70b","code/registration_v4_pracm/losses/__pycache__/__init__.cpython-39.pyc"
"1838bda9c8ba22667724b5a09e7edc0ada60d2ecffea4232e28c922c5d1327a6","code/registration_v4_pracm/losses/__pycache__/appearance.cpython-39.pyc"
"7c55b4b52eee3c3961fd7dab095c7fda53509b57cd542d807a132e7db53aba3d","code/registration_v4_pracm/losses/__pycache__/objective.cpython-39.pyc"
"0514e70b2e4ed1178d3524212cd290ab2a8f84932205000808b1494d80e42459","code/registration_v4_pracm/losses/appearance.py"
"9fbc00b6448b2aac1a732395ce00676d022c7380b554ef29d638e0018bdd9dae","code/registration_v4_pracm/losses/objective.py"
"859bc9a44908bf849ef14e572f39188dce28b5c985d5d1693f06ed249750345c","code/registration_v4_pracm/model/__init__.py"
"547ae85f473ab2fc83639c65a169f2c51940df99d351e7f1ccd93eae3bdc5f74","code/registration_v4_pracm/model/__pycache__/__init__.cpython-39.pyc"
"865954c7d9867c0a9e780ed6862e5e87272698b0ee51fa3af53a654b90641d10","code/registration_v4_pracm/model/__pycache__/correlation_v4.cpython-39.pyc"
"30ff62a90b9bfe9b5d3b342aaf4a36ca64fa02aed6a9a1bf1d6fb67c6e79bd18","code/registration_v4_pracm/model/__pycache__/correlation.cpython-39.pyc"
"9b114ec4440efcc892b55f347be77579c705d43aa0999933c4e46461b0979cae","code/registration_v4_pracm/model/__pycache__/encoder.cpython-39.pyc"
"c01fa573523d78c407080bfc255f93ce8e4ed6d305dc87098ab66b3c2ac07a41","code/registration_v4_pracm/model/__pycache__/posterior_solver.cpython-39.pyc"
"306ba3af2e5a00ed9adfccd8b5a4443a3d46c479c46fe1a586f6985818f546ea","code/registration_v4_pracm/model/__pycache__/pracm_v4.cpython-39.pyc"
"e7912b1fd8e7d8299284c4869edee1e26ad1e97ec57c152c67f21740439de985","code/registration_v4_pracm/model/__pycache__/pracm.cpython-39.pyc"
"dc7f022af64b29f338d1834048c22b96322148c51bc50ff8cdc2f0c2c5d8e757","code/registration_v4_pracm/model/__pycache__/relational.cpython-39.pyc"
"b990d8a1fa543173ef1c0df70304d5f5092b635c8d539476dd1870968467cf25","code/registration_v4_pracm/model/__pycache__/response.cpython-39.pyc"
"6535b088d59ed25d63113fc7042bf53f43109668b1d6c06c2b2d635e0e87934d","code/registration_v4_pracm/model/__pycache__/update.cpython-39.pyc"
"51ad77e2aa654a0fbde8c53d81e956800dc37bae094a064f2280d8846b407a4b","code/registration_v4_pracm/model/correlation_v4.py"
"8e8bee8237ee4b098b7f842dc0d6269135b1f73aa20a1f308ca84d2fe773c061","code/registration_v4_pracm/model/correlation.py"
"ed8886beb57c45260480b058aca1fe7ea5fcb084cbacdeb664026ac753967b51","code/registration_v4_pracm/model/encoder.py"
"127ebc88fa2d8e27f5d17d1597c4a62920f40440e41da28e8167e843211a0a96","code/registration_v4_pracm/model/posterior_solver.py"
"6bc497a5be66574aeb7a24126402ff202dc4aff73c6253df9dd3f74c63ce8de9","code/registration_v4_pracm/model/pracm_v4.py"
"daa74e1f15b4a4506874bd209c92a364842cc75d96e66d1248050996a28147ed","code/registration_v4_pracm/model/pracm.py"
"35949267afbd6a39e20ca1508b6c1392a06ea020d90a4d2cc0d7faa3db0c1614","code/registration_v4_pracm/model/relational.py"
"efac1004d5e8ea8e4a3b5685af3554665c1fbe6e48a1f732097457d0ac05a262","code/registration_v4_pracm/model/response.py"
"cd244b28f48ac35de8c346be5e2c45d4367c5c4da11515d942ec87f1efc4e9c0","code/registration_v4_pracm/model/update.py"
"3d898c6f3a359d8a2b8a2b6625cc0b08916b4ce21b9eb89a5a7f33caef8e34ee","code/registration_v4_pracm/ops/__init__.py"
"998533ed684bd038ab669d425c9cf7d96f150b2cee81f520ab889ffab17dac9d","code/registration_v4_pracm/ops/__pycache__/__init__.cpython-39.pyc"
"d457494af4b38c9d3ce3bd25eeeb2e6b1f1e1284b9f0ac836d7410e7129997ed","code/registration_v4_pracm/ops/__pycache__/spatial.cpython-39.pyc"
"3e27de44eea6fe4c775d954b7749824ef05e83c6eccae41dce95923a7cab039c","code/registration_v4_pracm/ops/spatial.py"
"ec1928da8a587c6e4e7edfcbfd7c53727e3368f1af7a6b49eb5beb0bcfeb0707","code/registration_v4_pracm/phase.py"
"2e1a0bcd5761923a6d3beff4bd41056213540fef6d62399653590a300d59d42e","code/registration_v4_pracm/README.md"
"722e5a33a9225f3eb8b9170f2c2ba6003f0c75c2b37a29be5889adde29ff1944","code/registration_v4_pracm/requirements.txt"
"d25d7afe220591fd078a81f5a5eaf4b000e0b30bde9e045b09ffd7fdfd468010","code/registration_v4_pracm/scripts/__init__.py"
"7173c7e0c8ebbf92fa3cf7acba2844c01754af67ef24e262ee9044abf4f9ec01","code/registration_v4_pracm/scripts/__pycache__/infer.cpython-313.pyc"
"dad6a7307ad7f103d3252aa5ce1e2cca264e8be405d2b7a95dd6d77b48b94cf7","code/registration_v4_pracm/scripts/infer.py"
"3b561766d0b5b754ce5d8f4bc8d117bbd4f045eb6f6b5c0854724f5b04252f3e","code/registration_v4_pracm/scripts/train.py"
"43a3b6ca78b7f782a9cde02ad0346bc4ac57afb6b5dfc3d105a3431d40a8f5e4","code/registration_v4_pracm/tests/__init__.py"
"8a5758bd40fe5b78b611eadeaf363b3da6ce89246115f6c4714472facbd2d907","code/registration_v4_pracm/tests/__pycache__/__init__.cpython-39.pyc"
"cf71d7ede7d838d17e4808ff6cb065a4a1465c2db2dcb11fba32cc4226c352bf","code/registration_v4_pracm/tests/__pycache__/test_dns_convex_solver.cpython-313.pyc"
"f5012752482f60d9b5545266f0bb98a4d829328e5f52d8756be00404ea82939d","code/registration_v4_pracm/tests/__pycache__/test_dns_convex_solver.cpython-39.pyc"
"781d043c278ca14abfa91c6c35cb4831914cb79acc17a5fcdcc06b58fe32872a","code/registration_v4_pracm/tests/__pycache__/test_instance_optimization.cpython-313.pyc"
"715907cd349791a0010fd39086ad6c022fa42f4e2ff0f67cf2bc891641d9b763","code/registration_v4_pracm/tests/__pycache__/test_v4_components.cpython-313.pyc"
"f5238fcc191c157375ac35ec2f7dc8478b2a4e406e9e634d489c608751232a9f","code/registration_v4_pracm/tests/__pycache__/test_v4_components.cpython-39.pyc"
"c7b171647cb8428d6804274678f251d4f4bdbbd232a7b9d0bc877d48ca367313","code/registration_v4_pracm/tests/test_components.py"
"f88c00f0d0543ac16b493675eff9233ffd33d8a9d42228c10306829e54fcd22f","code/registration_v4_pracm/tests/test_dns_convex_solver.py"
"176dc42b2fcf6444b300c2f4c31be9b9e87b420313ae0c0201612a83f65e635b","code/registration_v4_pracm/tests/test_instance_optimization.py"
"069f25d04bcd0013805011ffe4587846d7eed6b63c12812c8418a0f35953a9ef","code/registration_v4_pracm/tests/test_v4_components.py"
"85a857278ed2a78ff1dd07a94bc48918bc3ab344999a1378735bc584c7d8d040","code/registration_v4_pracm/training/__init__.py"
"947af6d63adc57ff7fd20373c59d593b813b5db49636a5658462c1501368db12","code/registration_v4_pracm/training/__pycache__/__init__.cpython-39.pyc"
"178ace70635c1b9ef8610ec9b13091e3ac8c5bf724644c3a9d1897131993c5a8","code/registration_v4_pracm/training/__pycache__/augmentation.cpython-39.pyc"
"7c64a4209da7bd3b270efed5430ffb8df0ebfea437917395bea9c33e22dc4196","code/registration_v4_pracm/training/__pycache__/module_v4.cpython-39.pyc"
"3f8ffe2a6448f05e90236dcbcb66392df1b812bb9575c677f3eb7b0cb5c7e583","code/registration_v4_pracm/training/__pycache__/module.cpython-39.pyc"
"76ae2e6113984a8896b0a22c6efd7980b42839c1b44a1299750793f719080cbe","code/registration_v4_pracm/training/augmentation.py"
"a16faeec7f7e19d3b7a385fdb7cc9d03a601c8fc7778e83e57e74c49df1cfad6","code/registration_v4_pracm/training/checkpoint.py"
"2071aa1e6e4f989d265af708a1f7ff1c9bd1624da83dc1457eb2ea2dc85b0bc5","code/registration_v4_pracm/training/engine.py"
"e10a735438a34f6846f98aa2372008bd578b9b542c4dd6910bcbbe295e7d66ba","code/registration_v4_pracm/training/module_v4.py"
"f005ade489f301d9f462536d617c41c76e6962d3328363c4cfb6dc6a9c5365eb","code/registration_v4_pracm/training/module.py"
"dbbd936d545e4b0d699ffaac0a276073fd1a1448f9c250e0233e03ce3ea435ac","README.md"
