display_name,fixed_phase,fold_fraction,mean_assd_mm,mean_dice,mean_displacement_mm,mean_hd95_mm,method_id,moving_phase,n_evaluable_organs,n_requested_organs,p95_displacement_mm,pair_id,runtime_seconds,sd_log_jacobian,source_server,subject_id,task_domain,task_group,valid_sampling_fraction
Identity,mr,0.0,7.946403838843101,0.5629294104062018,0.0,21.2069904668224,B00_identity,ct,3,4,0.0,MR_fixed__CT_moving__0002_tcia,3.9222977715544403,0.0,server1,0002_tcia,l2r_mrct,mr_target,1.0
Identity,mr,0.0,40.314287717735986,0.10396211768814594,0.0,75.5338908097274,B00_identity,ct,3,4,0.0,MR_fixed__CT_moving__0004_tcia,2.4957449389621615,0.0,server1,0004_tcia,l2r_mrct,mr_target,1.0
Identity,mr,0.0,8.804247295247238,0.4653773136592546,0.0,25.03151933177154,B00_identity,ct,4,4,0.0,MR_fixed__CT_moving__0006_tcia,2.3433389184065163,0.0,server1,0006_tcia,l2r_mrct,mr_target,1.0
Identity,mr,0.0,8.65123085427354,0.5470409177219263,0.0,23.04097536129001,B00_identity,ct,4,4,0.0,MR_fixed__CT_moving__0008_tcia,2.4615661897696555,0.0,server1,0008_tcia,l2r_mrct,mr_target,1.0
Identity,mr,0.0,13.995189867599269,0.37726879047985923,0.0,39.3911696816618,B00_identity,ct,4,4,0.0,MR_fixed__CT_moving__0010_tcia,2.246627814602107,0.0,server1,0010_tcia,l2r_mrct,mr_target,1.0
Identity,mr,0.0,16.426838660425023,0.2471027824112923,0.0,44.66678677300939,B00_identity,ct,4,4,0.0,MR_fixed__CT_moving__0012_tcia,2.476539760828018,0.0,server1,0012_tcia,l2r_mrct,mr_target,1.0
Identity,mr,0.0,25.455960119570925,0.1950101408821494,0.0,67.75622561395762,B00_identity,ct,4,4,0.0,MR_fixed__CT_moving__0014_tcia,2.627114186063409,0.0,server1,0014_tcia,l2r_mrct,mr_target,1.0
Identity,mr,0.0,8.861756775673202,0.4867395114495866,0.0,23.865514000169398,B00_identity,ct,4,4,0.0,MR_fixed__CT_moving__0016_tcia,2.3313571149483323,0.0,server1,0016_tcia,l2r_mrct,mr_target,1.0
ANTs-SyN + MI,mr,0.0,3.103011079374317,0.8233789867131058,11.668440818786621,12.517853068624126,B01_ants_syn_mi,ct,3,4,24.56161699295044,MR_fixed__CT_moving__0002_tcia,603.8729426003993,0.43718743324279785,server2,0002_tcia,l2r_mrct,mr_target,1.0
ANTs-SyN + MI,mr,0.0,34.71880278065163,0.1286438428260222,11.255638122558594,67.31575457672945,B01_ants_syn_mi,ct,3,4,25.665056705474854,MR_fixed__CT_moving__0004_tcia,594.499000146985,0.36670657992362976,server2,0004_tcia,l2r_mrct,mr_target,1.0
ANTs-SyN + MI,mr,0.0031124538845486113,6.960124732895046,0.5303651351609796,12.004321098327637,22.255120832779035,B01_ants_syn_mi,ct,4,4,26.541275215148925,MR_fixed__CT_moving__0006_tcia,798.0277106948197,0.46410319209098816,server2,0006_tcia,l2r_mrct,mr_target,0.9981082492404514
ANTs-SyN + MI,mr,0.0,2.3082080605987367,0.8782128895731984,13.207840919494629,10.031592911888515,B01_ants_syn_mi,ct,4,4,31.735517501831048,MR_fixed__CT_moving__0008_tcia,386.44705539755523,0.5631980895996094,server2,0008_tcia,l2r_mrct,mr_target,1.0
ANTs-SyN + MI,mr,7.544623480902778e-05,4.101968820908073,0.7412893267407396,17.988670349121094,12.354725080608947,B01_ants_syn_mi,ct,4,4,42.101472473144526,MR_fixed__CT_moving__0010_tcia,360.59740319103,0.5508695244789124,server2,0010_tcia,l2r_mrct,mr_target,0.999957784016927
ANTs-SyN + MI,mr,0.0,9.98050719436867,0.429993056955882,14.63271713256836,28.17044416749239,B01_ants_syn_mi,ct,4,4,40.512235832214344,MR_fixed__CT_moving__0012_tcia,527.2913311235607,0.4908369779586792,server2,0012_tcia,l2r_mrct,mr_target,1.0
ANTs-SyN + MI,mr,0.0,23.346231445401184,0.21965009314234146,12.216399192810059,66.18603830183474,B01_ants_syn_mi,ct,4,4,31.407140827178956,MR_fixed__CT_moving__0014_tcia,122.71682412922382,0.5356630682945251,server2,0014_tcia,l2r_mrct,mr_target,1.0
ANTs-SyN + MI,mr,0.0,3.102066126639701,0.8236684671683492,9.09576416015625,15.865317264856381,B01_ants_syn_mi,ct,4,4,23.860836219787597,MR_fixed__CT_moving__0016_tcia,332.81320491433144,0.34601080417633057,server2,0016_tcia,l2r_mrct,mr_target,1.0
ConvexAdam + MIND-SSC,mr,0.014636060926649305,4.622101419883982,0.7553081941214791,15.35668659210205,16.67390024768353,B02_convexadam_mind,ct,3,4,30.64095516204834,MR_fixed__CT_moving__0002_tcia,18.633155828807503,0.7988260388374329,server1,0002_tcia,l2r_mrct,mr_target,0.9909462822808159
ConvexAdam + MIND-SSC,mr,0.011901685926649306,28.28013109653986,0.17707082593730125,18.481462478637695,58.8449850139455,B02_convexadam_mind,ct,3,4,36.42999973297118,MR_fixed__CT_moving__0004_tcia,15.937120673246682,0.8773581981658936,server1,0004_tcia,l2r_mrct,mr_target,0.9900039672851563
ConvexAdam + MIND-SSC,mr,0.029526774088541666,4.998193877303269,0.7278859165331684,21.094606399536133,19.23992551661982,B02_convexadam_mind,ct,4,4,38.6599084854126,MR_fixed__CT_moving__0006_tcia,16.452506077010185,0.8685258626937866,server1,0006_tcia,l2r_mrct,mr_target,0.9920883178710938
ConvexAdam + MIND-SSC,mr,0.022068617078993054,1.5633875930702104,0.9072376734092557,19.66118049621582,6.15238925775224,B02_convexadam_mind,ct,4,4,34.53097934722901,MR_fixed__CT_moving__0008_tcia,16.165696803014725,0.8009970784187317,server1,0008_tcia,l2r_mrct,mr_target,0.9830518934461806
ConvexAdam + MIND-SSC,mr,0.017481486002604168,2.036905576418933,0.8892812829157943,18.78253936767578,11.487345747344081,B02_convexadam_mind,ct,4,4,37.44197101593018,MR_fixed__CT_moving__0010_tcia,15.40859541296959,0.7677879333496094,server1,0010_tcia,l2r_mrct,mr_target,0.9869566175672743
ConvexAdam + MIND-SSC,mr,0.013434685601128472,2.539962666859194,0.8045799212416865,19.375879287719727,13.122790961454735,B02_convexadam_mind,ct,4,4,43.08682632446289,MR_fixed__CT_moving__0012_tcia,15.329153429716825,0.6391982436180115,server1,0012_tcia,l2r_mrct,mr_target,0.9874754163953993
ConvexAdam + MIND-SSC,mr,0.014530775282118056,10.658582083295412,0.5861086640743289,17.573383331298828,41.11151427165143,B02_convexadam_mind,ct,4,4,40.56980590820312,MR_fixed__CT_moving__0014_tcia,16.652440572157502,0.7794574499130249,server1,0014_tcia,l2r_mrct,mr_target,0.9883265177408854
ConvexAdam + MIND-SSC,mr,0.0010459052191840279,2.0238317080775503,0.883039158922399,12.710952758789062,7.067781457055728,B02_convexadam_mind,ct,4,4,25.972800159454344,MR_fixed__CT_moving__0016_tcia,15.869247370399535,0.44733527302742004,server1,0016_tcia,l2r_mrct,mr_target,0.989459737141927
FireANTs,mr,0.0,4.793086951689471,0.7349596348505457,5.506515026092529,14.808915942226335,B03_fireants,ct,3,4,12.393683862686157,MR_fixed__CT_moving__0002_tcia,17.230776108801365,0.1933622509241104,server2,0002_tcia,l2r_mrct,mr_target,0.9802374945746528
FireANTs,mr,0.0,38.99790675614687,0.10534152168626855,3.6777007579803467,75.55126488398275,B03_fireants,ct,3,4,7.860526585578917,MR_fixed__CT_moving__0004_tcia,16.921200836077332,0.17653372883796692,server2,0004_tcia,l2r_mrct,mr_target,0.9860812717013889
FireANTs,mr,0.0,8.563498984412876,0.4341405842806961,5.593800067901611,25.77366466689953,B03_fireants,ct,4,4,10.763553285598753,MR_fixed__CT_moving__0006_tcia,13.048229668289423,0.2508276402950287,server2,0006_tcia,l2r_mrct,mr_target,0.9962353176540799
FireANTs,mr,0.0,5.257720685948378,0.7199334026656432,7.1009202003479,18.92988685890082,B03_fireants,ct,4,4,14.40879259109497,MR_fixed__CT_moving__0008_tcia,12.892064053565264,0.2594700753688812,server2,0008_tcia,l2r_mrct,mr_target,0.9776087443033854
FireANTs,mr,0.0,9.47744139373195,0.5417333655942327,7.855121612548828,32.25417231910577,B03_fireants,ct,4,4,19.447054576873775,MR_fixed__CT_moving__0010_tcia,14.270197492092848,0.2412203848361969,server2,0010_tcia,l2r_mrct,mr_target,0.987603759765625
FireANTs,mr,0.0,14.743841002040984,0.3051916399958647,7.255830764770508,40.45347830981981,B03_fireants,ct,4,4,14.969290876388548,MR_fixed__CT_moving__0012_tcia,14.304510775953531,0.23935243487358093,server2,0012_tcia,l2r_mrct,mr_target,0.9695826212565104
FireANTs,mr,0.0,27.477863008036962,0.15969652549463725,5.955618858337402,69.68337683748851,B03_fireants,ct,4,4,13.256335401535033,MR_fixed__CT_moving__0014_tcia,13.289449241012335,0.2421117126941681,server2,0014_tcia,l2r_mrct,mr_target,0.9857966105143229
FireANTs,mr,0.0,4.042063690726955,0.7752481266268265,6.848939418792725,15.740143691756735,B03_fireants,ct,4,4,15.32186131477356,MR_fixed__CT_moving__0016_tcia,14.002023542299867,0.23513004183769226,server2,0016_tcia,l2r_mrct,mr_target,0.9790737575954861
DINO-Reg,mr,0.020086669921875,3.624515166489012,0.815839931991381,13.546036720275879,19.612739548654798,B04_dino_reg,ct,3,4,33.811974716186505,MR_fixed__CT_moving__0002_tcia,383.4632270820439,0.8340637683868408,server1,0002_tcia,l2r_mrct,mr_target,0.9867031521267361
DINO-Reg,mr,0.03891398111979167,17.596915269297885,0.4186449863905757,21.480361938476562,52.60736472885882,B04_dino_reg,ct,3,4,53.05151767730713,MR_fixed__CT_moving__0004_tcia,408.2502951901406,0.9917818307876587,server1,0004_tcia,l2r_mrct,mr_target,0.985936991373698
DINO-Reg,mr,0.0873446994357639,3.6006199577057187,0.7606890783305039,20.602441787719727,14.910022041158365,B04_dino_reg,ct,4,4,39.82107753753661,MR_fixed__CT_moving__0006_tcia,483.8128991429694,1.3313801288604736,server1,0006_tcia,l2r_mrct,mr_target,0.9989944458007812
DINO-Reg,mr,0.0422027587890625,1.8942482446608904,0.8882508785264475,19.55336570739746,6.621320343559642,B04_dino_reg,ct,4,4,38.65449657440185,MR_fixed__CT_moving__0008_tcia,498.0756372171454,1.010111927986145,server1,0008_tcia,l2r_mrct,mr_target,0.9958630032009549
DINO-Reg,mr,0.02554779052734375,4.204760182214334,0.8190302675496612,18.776899337768555,24.726686462761744,B04_dino_reg,ct,4,4,41.62299365997315,MR_fixed__CT_moving__0010_tcia,460.2874094690196,0.8059874773025513,server1,0010_tcia,l2r_mrct,mr_target,0.9444288465711805
DINO-Reg,mr,0.030146959092881946,2.84808081892953,0.8243317378692506,14.187345504760742,16.900973327475228,B04_dino_reg,ct,4,4,41.05250606536865,MR_fixed__CT_moving__0012_tcia,376.1382346493192,0.8754119873046875,server1,0012_tcia,l2r_mrct,mr_target,0.940260484483507
DINO-Reg,mr,0.07849968804253472,8.006416678705358,0.7328618446058557,27.470008850097656,53.55218102176603,B04_dino_reg,ct,4,4,59.4488109588623,MR_fixed__CT_moving__0014_tcia,442.283182810992,1.1695127487182617,server1,0014_tcia,l2r_mrct,mr_target,0.9937455919053819
DINO-Reg,mr,0.005976698133680555,1.8944421381309884,0.8805359859133136,11.197566986083984,6.2976207903086205,B04_dino_reg,ct,4,4,26.384091758728022,MR_fixed__CT_moving__0016_tcia,404.7659386387095,0.6352534890174866,server1,0016_tcia,l2r_mrct,mr_target,0.9839199490017361
MASR/DNS + IO,mr,0.003276570638020833,7.111382235447629,0.5902883368851709,2.820347785949707,20.107008430889962,B05_masr_dns_io,ct,3,4,5.079652333259583,MR_fixed__CT_moving__0002_tcia,13.977439183276147,0.662593424320221,server1,0002_tcia,l2r_mrct,mr_target,0.9742387559678819
MASR/DNS + IO,mr,0.003564114040798611,39.38722916489425,0.10718042065249461,2.84765625,74.25289696341406,B05_masr_dns_io,ct,3,4,4.984314441680908,MR_fixed__CT_moving__0004_tcia,10.932504508644342,0.6805421113967896,server1,0004_tcia,l2r_mrct,mr_target,0.9740200466579861
MASR/DNS + IO,mr,0.003325229220920139,8.225431092842086,0.48049077479462343,2.664401054382324,24.574667481034766,B05_masr_dns_io,ct,4,4,4.877907299995423,MR_fixed__CT_moving__0006_tcia,10.827513492200524,0.5919978022575378,server1,0006_tcia,l2r_mrct,mr_target,0.9827694363064237
MASR/DNS + IO,mr,0.004338243272569445,7.980063330058162,0.5642960011198227,2.806584596633911,22.50964254835275,B05_masr_dns_io,ct,4,4,5.07511568069458,MR_fixed__CT_moving__0008_tcia,12.079042251221836,0.6059993505477905,server1,0008_tcia,l2r_mrct,mr_target,0.9788316514756944
MASR/DNS + IO,mr,0.002874077690972222,13.595067663999053,0.37812912552728284,2.78421950340271,38.931690760556464,B05_masr_dns_io,ct,4,4,5.108445644378662,MR_fixed__CT_moving__0010_tcia,10.986439771018922,0.6132007241249084,server1,0010_tcia,l2r_mrct,mr_target,0.9786912706163194
MASR/DNS + IO,mr,0.004147169325086806,16.166859812272666,0.23702204744721178,2.9102580547332764,44.76909851184629,B05_masr_dns_io,ct,4,4,5.106454396247864,MR_fixed__CT_moving__0012_tcia,11.829213588032871,0.6916198134422302,server1,0012_tcia,l2r_mrct,mr_target,0.976582505967882
MASR/DNS + IO,mr,0.005365668402777778,25.02679228039998,0.19379993397142703,2.9058096408843994,67.19739444227663,B05_masr_dns_io,ct,4,4,5.075943970680237,MR_fixed__CT_moving__0014_tcia,10.918843479361385,0.6445913910865784,server1,0014_tcia,l2r_mrct,mr_target,0.9791241115993924
MASR/DNS + IO,mr,0.004332139756944444,7.887580798045403,0.5217321076088597,3.00590443611145,22.269227167088747,B05_masr_dns_io,ct,4,4,5.291286468505859,MR_fixed__CT_moving__0016_tcia,11.060145074035972,0.6084060668945312,server1,0016_tcia,l2r_mrct,mr_target,0.9801466200086806
SynMSE,mr,0.029384189181857638,7.643098479403213,0.5780037138965162,10.963471412658691,21.621295195613953,B06_synmse,ct,3,4,30.621270465850827,MR_fixed__CT_moving__0002_tcia,13.488841444253922,0.6648566722869873,server1,0002_tcia,l2r_mrct,mr_target,0.9990230984157986
SynMSE,mr,0.025871107313368055,37.0356655111842,0.11317557615420087,11.692545890808105,74.13590170554419,B06_synmse,ct,3,4,32.69999313354492,MR_fixed__CT_moving__0004_tcia,11.737699940800667,0.6656209826469421,server1,0004_tcia,l2r_mrct,mr_target,0.9964530097113715
SynMSE,mr,0.017368062337239584,8.872212681874833,0.4577159649545673,11.795990943908691,26.18734522726961,B06_synmse,ct,4,4,25.573742675781247,MR_fixed__CT_moving__0006_tcia,12.18561895005405,0.6314870119094849,server1,0006_tcia,l2r_mrct,mr_target,0.9971555921766493
SynMSE,mr,0.0008129543728298611,7.3372281396551315,0.6037684049283946,14.105905532836914,20.193310862608477,B06_synmse,ct,4,4,33.23365802764893,MR_fixed__CT_moving__0008_tcia,12.157443246804178,0.482814222574234,server1,0008_tcia,l2r_mrct,mr_target,0.975333489312066
SynMSE,mr,0.02451171875,11.735090348067793,0.46575057603492953,10.68455696105957,37.666520067348735,B06_synmse,ct,4,4,25.520862770080566,MR_fixed__CT_moving__0010_tcia,11.709854415617883,0.7293263673782349,server1,0010_tcia,l2r_mrct,mr_target,0.9936260647243924
SynMSE,mr,0.004416571723090278,15.626732039563468,0.28576208271476006,8.992666244506836,40.94253526724286,B06_synmse,ct,4,4,20.39371919631958,MR_fixed__CT_moving__0012_tcia,12.793938630260527,0.4877159893512726,server1,0012_tcia,l2r_mrct,mr_target,0.9571261935763888
SynMSE,mr,0.010264248318142362,26.45208555735983,0.20074477221910833,11.870662689208984,68.00637815679784,B06_synmse,ct,4,4,29.29350032806396,MR_fixed__CT_moving__0014_tcia,12.72012292407453,0.5086929202079773,server1,0014_tcia,l2r_mrct,mr_target,0.99647216796875
SynMSE,mr,0.0033479478624131942,9.602472301702225,0.470767475759412,13.399828910827637,25.143031815306124,B06_synmse,ct,4,4,31.694115734100336,MR_fixed__CT_moving__0016_tcia,11.284571298863739,0.6482736468315125,server1,0016_tcia,l2r_mrct,mr_target,0.9822146945529514
Locor,mr,0.0,3.3373741083261153,0.8037873276969957,59.77891540527344,17.552598915418795,B07_locor,ct,3,4,112.1572422027588,MR_fixed__CT_moving__0002_tcia,78.35713907890022,0.38949882984161377,server1,0002_tcia,l2r_mrct,mr_target,0.696793450249566
Locor,mr,0.0,48.713047205757,0.08786715403419236,51.847068786621094,85.45873837812809,B07_locor,ct,3,4,97.59955024719238,MR_fixed__CT_moving__0004_tcia,77.46243439195678,0.4852122962474823,server1,0004_tcia,l2r_mrct,mr_target,0.7971542358398438
Locor,mr,0.0,12.75147435987251,0.3833826086674563,43.029998779296875,44.197454409798006,B07_locor,ct,4,4,60.8756196975708,MR_fixed__CT_moving__0006_tcia,77.72033512266353,1.1753300428390503,server1,0006_tcia,l2r_mrct,mr_target,0.9776465521918403
Locor,mr,0.0,1.380304608257366,0.9170368547916572,30.557079315185547,4.668705749749546,B07_locor,ct,4,4,52.136916542053214,MR_fixed__CT_moving__0008_tcia,78.74449840188026,1.1233230829238892,server1,0008_tcia,l2r_mrct,mr_target,0.9757663302951389
Locor,mr,0.0,1.6522270330805575,0.9017455213433769,43.02836227416992,7.3383095436647325,B07_locor,ct,4,4,70.3307762145996,MR_fixed__CT_moving__0010_tcia,77.05963206198066,0.860427737236023,server1,0010_tcia,l2r_mrct,mr_target,0.8066658867730034
Locor,mr,0.0,2.4928106465261552,0.80562743693532,38.33723068237305,12.528069019579373,B07_locor,ct,4,4,62.83224067687987,MR_fixed__CT_moving__0012_tcia,75.34014957398176,0.4150671660900116,server1,0012_tcia,l2r_mrct,mr_target,0.7182049221462674
Locor,mr,0.0,31.26149892624786,0.11721312320397335,27.020559310913086,81.87808850287689,B07_locor,ct,4,4,49.83396320343017,MR_fixed__CT_moving__0014_tcia,77.81925072800368,0.2896377146244049,server1,0014_tcia,l2r_mrct,mr_target,0.9118601481119791
Locor,mr,0.0,1.709733536553057,0.9001549351833474,22.81541633605957,6.106395752988369,B07_locor,ct,4,4,41.87833099365234,MR_fixed__CT_moving__0016_tcia,77.5043098111637,0.28335651755332947,server1,0016_tcia,l2r_mrct,mr_target,0.8750520494249132
DGMIR-U,mr,0.006566874186197917,8.355899421434469,0.5228038117753434,24.674755096435547,24.696520458607864,B08_dgmir_u,ct,3,4,52.25932350158691,MR_fixed__CT_moving__0002_tcia,12.231948111671954,0.595427930355072,server1,0002_tcia,l2r_mrct,mr_target,0.868105231391059
DGMIR-U,mr,0.011802503797743056,40.70378257942076,0.1041328173471849,22.74481773376465,75.2390960922606,B08_dgmir_u,ct,3,4,49.68195056915283,MR_fixed__CT_moving__0004_tcia,11.102807506918907,0.6109896302223206,server1,0004_tcia,l2r_mrct,mr_target,0.8723975287543403
DGMIR-U,mr,0.00219573974609375,7.754155848592847,0.540183275951883,14.471854209899902,26.023853399150767,B08_dgmir_u,ct,4,4,31.18460121154785,MR_fixed__CT_moving__0006_tcia,10.946017547044903,0.6223006248474121,server1,0006_tcia,l2r_mrct,mr_target,0.9997287326388888
DGMIR-U,mr,0.0039215087890625,6.40994345095219,0.6295449096902482,15.278279304504395,21.59912365117701,B08_dgmir_u,ct,4,4,29.419172763824463,MR_fixed__CT_moving__0008_tcia,10.717679229099303,0.6339638233184814,server1,0008_tcia,l2r_mrct,mr_target,0.8892259385850695
DGMIR-U,mr,0.004534403483072917,11.167451666654358,0.468819195288117,19.069211959838867,40.24004292843944,B08_dgmir_u,ct,4,4,36.28292102813721,MR_fixed__CT_moving__0010_tcia,10.392076443880796,0.618318498134613,server1,0010_tcia,l2r_mrct,mr_target,0.7966350979275174
DGMIR-U,mr,0.001411098904079861,19.71609892831095,0.19411164980090712,26.78233528137207,45.765328592504375,B08_dgmir_u,ct,4,4,52.42057590484619,MR_fixed__CT_moving__0012_tcia,10.850306820124388,0.625787615776062,server1,0012_tcia,l2r_mrct,mr_target,0.7495559692382813
DGMIR-U,mr,0.005976189507378472,27.28844379665408,0.14993799264421204,19.37467384338379,71.52331447312345,B08_dgmir_u,ct,4,4,41.85625095367432,MR_fixed__CT_moving__0014_tcia,11.225619731005281,0.5389960408210754,server1,0014_tcia,l2r_mrct,mr_target,0.8680106268988715
DGMIR-U,mr,0.004819742838541667,14.445173817999237,0.2859972151682071,27.778919219970703,36.85550086869608,B08_dgmir_u,ct,4,4,61.77130908966065,MR_fixed__CT_moving__0016_tcia,11.028735607862473,0.6340427398681641,server1,0016_tcia,l2r_mrct,mr_target,0.7963712904188368
M2M-Reg,mr,0.0,8.727395913684914,0.5152345741129978,13.938820838928223,24.18036035647545,B09_m2m_reg,ct,3,4,38.54393272399901,MR_fixed__CT_moving__0002_tcia,16.164486846886575,0.5564435124397278,server1,0002_tcia,l2r_mrct,mr_target,0.9026028103298611
M2M-Reg,mr,0.0,35.367017972836074,0.11066609812026608,13.774735450744629,75.35658361805822,B09_m2m_reg,ct,3,4,38.948650932312006,MR_fixed__CT_moving__0004_tcia,13.756889909040183,0.5024954676628113,server1,0004_tcia,l2r_mrct,mr_target,0.9051830715603298
M2M-Reg,mr,0.0,8.20081898498081,0.4930252688458461,11.37696361541748,24.881842492599063,B09_m2m_reg,ct,4,4,26.874287986755366,MR_fixed__CT_moving__0006_tcia,14.227490684948862,0.459524929523468,server1,0006_tcia,l2r_mrct,mr_target,0.9882261488172743
M2M-Reg,mr,0.00030907524956597224,10.215816726003869,0.45417050154641647,10.494489669799805,24.679892129577194,B09_m2m_reg,ct,4,4,21.15579442977905,MR_fixed__CT_moving__0008_tcia,13.787443784996867,0.5767646431922913,server1,0008_tcia,l2r_mrct,mr_target,0.9750052558051215
M2M-Reg,mr,0.0,10.071443627701134,0.5011691417499639,16.96280860900879,32.04348965715877,B09_m2m_reg,ct,4,4,31.182824039459227,MR_fixed__CT_moving__0010_tcia,13.43881071684882,0.4845428764820099,server1,0010_tcia,l2r_mrct,mr_target,0.9406277126736111
M2M-Reg,mr,0.0,16.515496958230255,0.2332941306109304,10.695451736450195,44.549983457933905,B09_m2m_reg,ct,4,4,24.40349597930908,MR_fixed__CT_moving__0012_tcia,13.55727318301797,0.588978111743927,server1,0012_tcia,l2r_mrct,mr_target,0.9429974026150174
M2M-Reg,mr,0.0,21.69823566203363,0.23854013479183156,13.1707763671875,67.44584077132086,B09_m2m_reg,ct,4,4,37.74836864471435,MR_fixed__CT_moving__0014_tcia,14.00336841121316,0.45980143547058105,server1,0014_tcia,l2r_mrct,mr_target,0.8913475884331598
M2M-Reg,mr,0.0,6.552406473651326,0.5907541216922265,13.556845664978027,21.29995515714536,B09_m2m_reg,ct,4,4,26.641385459899897,MR_fixed__CT_moving__0016_tcia,13.59375033993274,0.5583531260490417,server1,0016_tcia,l2r_mrct,mr_target,0.9223424275716146
PRA-CM v3,mr,0.00035196940104166666,7.330813456885611,0.6014113929726929,5.836004734039307,23.242136530564988,B10_ours,ct,3,4,10.831579589843749,MR_fixed__CT_moving__0002_tcia,26.882683888077736,0.25169265270233154,server1,0002_tcia,l2r_mrct,mr_target,0.997358873155382
PRA-CM v3,mr,0.00015004475911458334,40.23075665959495,0.10728886491582296,5.848475456237793,74.87332904130245,B10_ours,ct,3,4,10.857484006881712,MR_fixed__CT_moving__0004_tcia,25.47237108834088,0.24199853837490082,server1,0004_tcia,l2r_mrct,mr_target,0.9977773030598959
PRA-CM v3,mr,0.0007147894965277777,6.532300589459474,0.6037538665889998,6.296447277069092,18.97886053572005,B10_ours,ct,4,4,11.572311496734619,MR_fixed__CT_moving__0006_tcia,25.42805219301954,0.27023547887802124,server1,0006_tcia,l2r_mrct,mr_target,0.9994912041558159
PRA-CM v3,mr,0.0013059828016493056,8.11782485717117,0.5829336797579792,5.854465961456299,21.81394649059674,B10_ours,ct,4,4,10.81168189048767,MR_fixed__CT_moving__0008_tcia,25.452348384074867,0.27487248182296753,server1,0008_tcia,l2r_mrct,mr_target,0.9991449991861979
PRA-CM v3,mr,0.0005632188585069444,15.435434456994242,0.3415128161425514,5.765961170196533,44.66155505954237,B10_ours,ct,4,4,11.202948808670044,MR_fixed__CT_moving__0010_tcia,25.48046304890886,0.2668297290802002,server1,0010_tcia,l2r_mrct,mr_target,0.9993525187174479
PRA-CM v3,mr,0.00054168701171875,18.476926683445036,0.19416143244406162,5.704493999481201,46.270809339216534,B10_ours,ct,4,4,11.238272142410278,MR_fixed__CT_moving__0012_tcia,25.41433236282319,0.3020792007446289,server1,0012_tcia,l2r_mrct,mr_target,0.9987765842013889
PRA-CM v3,mr,0.0006234063042534722,25.71585101970488,0.20238750360528926,6.443304538726807,67.9442619749321,B10_ours,ct,4,4,11.86985511779785,MR_fixed__CT_moving__0014_tcia,25.462749243713915,0.279842346906662,server1,0014_tcia,l2r_mrct,mr_target,0.9996646457248264
PRA-CM v3,mr,0.0009260389539930556,5.557758173220064,0.6715121026747107,6.976517677307129,21.954395429432466,B10_ours,ct,4,4,13.148479604721068,MR_fixed__CT_moving__0016_tcia,25.618499780073762,0.27033743262290955,server1,0016_tcia,l2r_mrct,mr_target,0.9986085679796007
TransMorph + MIND-SSC,mr,0.04199557834201389,7.339220137313674,0.5712038699542524,11.124735832214355,19.71171553290034,B11_transmorph_mind,ct,3,4,29.737611770629883,MR_fixed__CT_moving__0002_tcia,14.335800206288695,0.7628888487815857,server2,0002_tcia,l2r_mrct,mr_target,0.9721791585286458
TransMorph + MIND-SSC,mr,0.03957739935980903,38.05192113442941,0.1115537271453775,10.920279502868652,73.77029284672243,B11_transmorph_mind,ct,3,4,29.920559024810785,MR_fixed__CT_moving__0004_tcia,14.369432771578431,0.747269332408905,server2,0004_tcia,l2r_mrct,mr_target,0.9610522800021701
TransMorph + MIND-SSC,mr,0.07342071533203125,10.158242527544541,0.3909836851308447,12.537052154541016,28.64540410372871,B11_transmorph_mind,ct,4,4,25.210701084136964,MR_fixed__CT_moving__0006_tcia,14.129756189882755,0.9760816097259521,server2,0006_tcia,l2r_mrct,mr_target,0.9975465562608506
TransMorph + MIND-SSC,mr,0.039612833658854166,8.879637090547632,0.5216938963978057,12.743542671203613,25.111487385751197,B11_transmorph_mind,ct,4,4,27.26662254333496,MR_fixed__CT_moving__0008_tcia,12.25734356418252,0.793501615524292,server2,0008_tcia,l2r_mrct,mr_target,0.9594721476236979
TransMorph + MIND-SSC,mr,0.023599921332465277,9.043232189239227,0.5323652201432006,12.7094087600708,28.93338581180143,B11_transmorph_mind,ct,4,4,26.220764446258542,MR_fixed__CT_moving__0010_tcia,11.248173017054796,0.7665866017341614,server2,0010_tcia,l2r_mrct,mr_target,0.9206059773763021
TransMorph + MIND-SSC,mr,0.016782294379340278,14.24141019747141,0.28705229578341707,12.605061531066895,37.0078444665493,B11_transmorph_mind,ct,4,4,29.683261871337884,MR_fixed__CT_moving__0012_tcia,9.612027553841472,0.7402297258377075,server2,0012_tcia,l2r_mrct,mr_target,0.8677668253580729
TransMorph + MIND-SSC,mr,0.0546600341796875,21.46211385216631,0.24330022193411077,12.314777374267578,62.934552345702386,B11_transmorph_mind,ct,4,4,26.634855651855467,MR_fixed__CT_moving__0014_tcia,9.826534541323781,0.8947004675865173,server2,0014_tcia,l2r_mrct,mr_target,0.9501439412434896
TransMorph + MIND-SSC,mr,0.03074578179253472,7.645629210407125,0.5232699532324179,12.665693283081055,20.681854353958126,B11_transmorph_mind,ct,4,4,24.733715820312497,MR_fixed__CT_moving__0016_tcia,10.104294169694185,0.7725513577461243,server2,0016_tcia,l2r_mrct,mr_target,0.9595659044053819
CorrMLP + MIND-SSC,mr,0.021016608344184028,6.071331843133074,0.6405217888604443,21.34372329711914,21.811690212375566,B12_corrmlp_mind,ct,3,4,47.40031929016113,MR_fixed__CT_moving__0002_tcia,12.727281430736184,0.6472952961921692,server2,0002_tcia,l2r_mrct,mr_target,0.8705312093098958
CorrMLP + MIND-SSC,mr,0.024175516764322915,35.53480388975434,0.12422101686676949,22.357410430908203,70.37514809879082,B12_corrmlp_mind,ct,3,4,51.571579933166504,MR_fixed__CT_moving__0004_tcia,11.381954748183489,0.6887944340705872,server2,0004_tcia,l2r_mrct,mr_target,0.8567187839084202
CorrMLP + MIND-SSC,mr,0.04377000596788194,5.722133783406697,0.6255950962578398,12.990828514099121,20.13470547514072,B12_corrmlp_mind,ct,4,4,31.425294876098626,MR_fixed__CT_moving__0006_tcia,10.259949300438166,0.8387326002120972,server2,0006_tcia,l2r_mrct,mr_target,0.9809312608506945
CorrMLP + MIND-SSC,mr,0.03284064398871528,4.271730149391062,0.7321705330368693,18.57707977294922,17.45892327158117,B12_corrmlp_mind,ct,4,4,33.49118499755859,MR_fixed__CT_moving__0008_tcia,10.13387380540371,0.7537462711334229,server2,0008_tcia,l2r_mrct,mr_target,0.9079718695746528
CorrMLP + MIND-SSC,mr,0.01949920654296875,6.543775691746845,0.6965618836784816,19.78472328186035,28.04556952420214,B12_corrmlp_mind,ct,4,4,33.8180061340332,MR_fixed__CT_moving__0010_tcia,9.628245458006859,0.7654208540916443,server2,0010_tcia,l2r_mrct,mr_target,0.868300035264757
CorrMLP + MIND-SSC,mr,0.006136237250434028,11.356927515778885,0.4221455655343279,22.441272735595703,33.40985197142473,B12_corrmlp_mind,ct,4,4,38.48790740966797,MR_fixed__CT_moving__0012_tcia,11.093047952279449,0.6749417781829834,server2,0012_tcia,l2r_mrct,mr_target,0.7916393703884549
CorrMLP + MIND-SSC,mr,0.026997545030381945,32.079864292609535,0.15000148079197045,27.487091064453125,82.05670382878401,B12_corrmlp_mind,ct,4,4,53.54005126953125,MR_fixed__CT_moving__0014_tcia,10.137003228068352,0.707889974117279,server2,0014_tcia,l2r_mrct,mr_target,0.827470228407118
CorrMLP + MIND-SSC,mr,0.02101711697048611,7.455099230320849,0.5554744879908291,19.845218658447266,25.543052683001434,B12_corrmlp_mind,ct,4,4,40.722199249267575,MR_fixed__CT_moving__0016_tcia,11.34080334752798,0.7514957189559937,server2,0016_tcia,l2r_mrct,mr_target,0.8895341661241319
